{"aamplitude": 55.0, "acenter": 2.65, "asigma": 0.1, "bamplitude": 60.0, "bcenter": 3.3, "bsigma": 0.1, "slope": 1.0, "intercept": 0.0, "agamma": 0.1, "afwhm": 0.3601290638188136, "aheight": 114.79010428620224, "bgamma": 0.1, "bfwhm": 0.3601290638188136, "bheight": 125.22556831222063}