{"aamplitude": 10000, "acenter": 76, "asigma": 1, "bamplitude": 10000, "bcenter": 80, "bsigma": 1, "afwhm": 2.35482, "aheight": 3989.4230000000002, "bfwhm": 2.35482, "bheight": 3989.4230000000002}