{"a1amplitude": 1, "a1center": 40, "a1sigma": 1, "b1amplitude": 1, "b1center": 70, "b1sigma": 1, "c1amplitude": 1, "c1center": 95, "c1sigma": 1, "a2amplitude": 1, "a2center": 170, "a2sigma": 1, "b2amplitude": 1, "b2center": 190, "b2sigma": 1, "c2amplitude": 1, "c2center": 210, "c2sigma": 1, "a3amplitude": 1, "a3center": 290, "a3sigma": 1, "b3amplitude": 1, "b3center": 310, "b3sigma": 1, "c3amplitude": 1, "c3center": 340, "c3sigma": 1, "a4amplitude": 1, "a4center": 495, "a4sigma": 1, "b4amplitude": 1, "b4center": 510, "b4sigma": 1, "c4amplitude": 1, "c4center": 530, "c4sigma": 1, "a5amplitude": 1, "a5center": 590, "a5sigma": 1, "b5amplitude": 1, "b5center": 600, "b5sigma": 1, "c5amplitude": 1, "c5center": 630, "c5sigma": 1, "a1fwhm": 2.35482, "a1height": 0.3989423, "b1fwhm": 2.35482, "b1height": 0.3989423, "c1fwhm": 2.35482, "c1height": 0.3989423, "a2fwhm": 2.35482, "a2height": 0.3989423, "b2fwhm": 2.35482, "b2height": 0.3989423, "c2fwhm": 2.35482, "c2height": 0.3989423, "a3fwhm": 2.35482, "a3height": 0.3989423, "b3fwhm": 2.35482, "b3height": 0.3989423, "c3fwhm": 2.35482, "c3height": 0.3989423, "a4fwhm": 2.35482, "a4height": 0.3989423, "b4fwhm": 2.35482, "b4height": 0.3989423, "c4fwhm": 2.35482, "c4height": 0.3989423, "a5fwhm": 2.35482, "a5height": 0.3989423, "b5fwhm": 2.35482, "b5height": 0.3989423, "c5fwhm": 2.35482, "c5height": 0.3989423}